{
  "x_min": [
    3674.0,
    12.0,
    0.01604321040213108,
    343.0,
    0.0,
    15000.0,
    73.0,
    372.0,
    18.0,
    8.0,
    0.0,
    0.0,
    0.0,
    0.0,
    0.0,
    0.0,
    0.0,
    0.0,
    0.0,
    0.0,
    0.0,
    0.0
  ],
  "x_max": [
    184732.0,
    120.0,
    4.6476569175720215,
    712.0,
    13.0,
    485341.0,
    200089.0,
    1417302.0,
    80.0,
    45.0,
    1.0,
    1.0,
    1.0,
    1.0,
    1.0,
    1.0,
    1.0,
    1.0,
    1.0,
    1.0,
    1.0,
    1.0
  ],
  "d_min": 0.1133095948045364,
  "d_max": 0.4467873210539924
}